Profile Name,Title Name,Country,Utc Title Add Date
Jessica,"I, Tonya",Brazil,2023-01-16
Jessica,The Day After Tomorrow,Brazil,2022-12-31
Jessica,Shooter,Brazil,2022-12-27
Jessica,The Recruit,Brazil,2022-12-05
Jessica,The Big 4,Brazil,2022-12-05
Jessica,Olympus Has Fallen,Brazil,2022-12-02
Jessica,13 Hours: The Secret Soldiers of Benghazi,Brazil,2022-12-02
Jessica,The Wolf's Call,Brazil,2022-12-02
Jessica,Black Crab,Brazil,2022-12-02
Jessica,Gifted Hands: The Ben Carson Story,Brazil,2022-12-02
Jessica,The Curse of Bridge Hollow,Brazil,2022-11-08
Jessica,72 Dangerous Places to Live,Brazil,2022-10-18
Jessica,All Quiet on the Western Front,Brazil,2022-10-18
Jessica,The Soccer Football Movie,Brazil,2022-10-18
Jessica,Daniel Spellbound,Brazil,2022-10-18
Jessica,Earthstorm,Brazil,2022-10-18
Jessica,Emily in Paris,Brazil,2022-10-18
Jessica,1899,Brazil,2022-10-18
Jessica,If Only,Brazil,2022-10-18
Jessica,Wild Croc Territory,Brazil,2022-10-09
Jessica,Virgin River,Brazil,2022-10-01
Jessica,Glitch,Brazil,2022-09-14
Jessica,Hubie Halloween,Brazil,2022-09-14
Jessica,El Jeremías,Brazil,2022-09-14
Jessica,The Core,Brazil,2022-09-14
Jessica,Dawn of the Dead,Brazil,2022-09-14
Jessica,Fullmetal Alchemist The Final Alchemy,Brazil,2022-09-14
Jessica,The Boss Baby,Brazil,2022-09-14
Jessica,Minions & More Volume 1,Brazil,2022-09-08
Jessica,Fate: The Winx Saga,Brazil,2022-09-08
Jessica,Clueless,Brazil,2022-09-08
Jessica,Gymnastics Academy: A Second Chance,Brazil,2022-09-08
Jessica,Accepted,Brazil,2022-08-28
Jessica,The Great Wall,Brazil,2022-08-28
Jessica,Fakes,Brazil,2022-08-28
Jessica,I Came By,Brazil,2022-08-28
Jessica,Ivy + Bean: The Ghost That Had to Go,Brazil,2022-08-28
Jessica,No Limit,Brazil,2022-08-28
Jessica,Crash Landing on You,Brazil,2022-08-20
Jessica,Purple Hearts,Brazil,2022-08-20
Jessica,Day Shift,Brazil,2022-08-20
Jessica,Twenty Five Twenty One,Brazil,2022-08-20
Jessica,The Anthrax Attacks,Brazil,2022-08-19
Jessica,Dolittle,Brazil,2022-08-19
Jessica,Liss Pereira: Adulting,Brazil,2022-08-19
Jessica,Run On,Brazil,2022-08-18
Jessica,You’re Nothing Special,Brazil,2022-08-17
Jessica,A Model Family,Brazil,2022-08-17
Jessica,Love in the Villa,Brazil,2022-08-17
Jessica,Me Time,Brazil,2022-08-17
Jessica,Blood Father,Brazil,2022-08-17
Jessica,Jane The Virgin,Brazil,2022-08-17
Jessica,End of the Road,Brazil,2022-08-17
Jessica,Seoul Vibe,Brazil,2022-08-17
Jessica,Fenced In,Brazil,2022-08-17
Jessica,That's Amor,Brazil,2022-08-17
Jessica,The Half Of It,Brazil,2022-08-10
Jessica,Dumplin',Brazil,2022-08-10
Jessica,Outer Banks,Brazil,2022-08-01
Jessica,Backtrace,Brazil,2022-07-13
Jessica,Kate,Brazil,2022-07-13
Jessica,Lost Bullet,Brazil,2022-07-13
Jessica,Below Zero,Brazil,2022-07-06
Jessica,The Best of Enemies,Brazil,2022-06-30
Jessica,Homefront,Brazil,2022-06-29
Jessica,Snowflake Mountain,Brazil,2022-06-28
Jessica,Sisyphus,Brazil,2022-06-04
Jessica,The Outpost,Brazil,2022-05-30
Jessica,Seriously Single,Brazil,2022-05-26
Jessica,Maid,Brazil,2022-05-25
Jessica,A Perfect Pairing,Brazil,2022-05-24
Jessica,Dangerous,Brazil,2022-05-24
Jessica,F*ck Love Too,Brazil,2022-05-24
Jessica,Wrong Side of the Tracks,Brazil,2022-05-24
Jessica,Sweet Home,Brazil,2022-05-23
Jessica,Freedom Writers,Brazil,2022-05-20
Jessica,Stranger Things,Brazil,2022-05-16
Jessica,Self Made: Inspired by the Life of Madam C.J. Walker,Brazil,2022-05-16
Jessica,Raising Dion,Brazil,2022-05-16
Jessica,Jumanji: Welcome to the Jungle,Brazil,2022-05-16
Jessica,Sonic the Hedgehog,Brazil,2022-05-16
Jessica,Dolemite Is My Name,Brazil,2022-05-09
Jessica,Family Reunion,Brazil,2022-05-08
Jessica,A Madea Homecoming,Brazil,2022-05-08
Jessica,The Takedown,Brazil,2022-05-06
Jessica,The 7 Lives of Lea,Brazil,2022-05-02
Jessica,Senior Year,Brazil,2022-05-02
Jessica,Honeymoon with My Mother,Brazil,2022-05-02
Jessica,Silverton Siege,Brazil,2022-05-02
Jessica,World War Z,Brazil,2022-05-01
Jessica,District 9,Brazil,2022-04-30
Jessica,Flatliners,Brazil,2022-04-30
Jessica,Norbit,Brazil,2022-04-30
Jessica,"Big Mommas: Like Father, Like Son",Brazil,2022-04-30
Jessica,Grown Ups,Brazil,2022-04-30
Jessica,War of the Worlds,Brazil,2022-04-30
Jessica,A Quiet Place,Brazil,2022-04-30
Jessica,Baywatch,Brazil,2022-04-30
Jessica,First Sunday,Brazil,2022-04-30
Jessica,Passengers,Brazil,2022-04-30
Jessica,Don't Be a Menace to South Central While Drinking Your Juice in the Hood,Brazil,2022-04-30
Jessica,Get the Grift,Brazil,2022-04-30
Jessica,After Earth,Brazil,2022-04-30
Jessica,Rim of the World,Brazil,2022-04-30
Jessica,Central Intelligence,Brazil,2022-04-30
Jessica,The Nutty Professor II: The Klumps,Brazil,2022-04-30
Jessica,Sextuplets,Brazil,2022-04-30
Jessica,Big Momma's House 2,Brazil,2022-04-30
Jessica,Annihilation,Brazil,2022-04-30
Jessica,Whindersson Nunes: My Own Show!,Brazil,2022-04-28
Jessica,Snowpiercer,Brazil,2022-04-28
Jessica,Love and Monsters,Brazil,2022-04-28
Jessica,Squid Game,Brazil,2022-04-28
Jessica,Smother-in-Law,Brazil,2022-04-28
Jessica,Black Mirror,Brazil,2022-04-28
Jessica,In Time,Brazil,2022-04-28
Jessica,The Book of Eli,Brazil,2022-04-28
Jessica,The 100,Brazil,2022-04-28
